-- MySQL dump 10.13  Distrib 8.0.32, for Win64 (x86_64)
--
-- Host: localhost    Database: death_database
-- ------------------------------------------------------
-- Server version	8.0.32

/*!40101 SET @OLD_CHARACTER_SET_CLIENT=@@CHARACTER_SET_CLIENT */;
/*!40101 SET @OLD_CHARACTER_SET_RESULTS=@@CHARACTER_SET_RESULTS */;
/*!40101 SET @OLD_COLLATION_CONNECTION=@@COLLATION_CONNECTION */;
/*!50503 SET NAMES utf8 */;
/*!40103 SET @OLD_TIME_ZONE=@@TIME_ZONE */;
/*!40103 SET TIME_ZONE='+00:00' */;
/*!40014 SET @OLD_UNIQUE_CHECKS=@@UNIQUE_CHECKS, UNIQUE_CHECKS=0 */;
/*!40014 SET @OLD_FOREIGN_KEY_CHECKS=@@FOREIGN_KEY_CHECKS, FOREIGN_KEY_CHECKS=0 */;
/*!40101 SET @OLD_SQL_MODE=@@SQL_MODE, SQL_MODE='NO_AUTO_VALUE_ON_ZERO' */;
/*!40111 SET @OLD_SQL_NOTES=@@SQL_NOTES, SQL_NOTES=0 */;

--
-- Table structure for table `addiction`
--

DROP TABLE IF EXISTS `addiction`;
/*!40101 SET @saved_cs_client     = @@character_set_client */;
/*!50503 SET character_set_client = utf8mb4 */;
CREATE TABLE `addiction` (
  `smoke` int DEFAULT NULL,
  `drug_use` int DEFAULT NULL,
  `alcohol` int DEFAULT NULL,
  `iso_code` varchar(5) NOT NULL,
  PRIMARY KEY (`iso_code`),
  CONSTRAINT `addiction_ibfk_1` FOREIGN KEY (`iso_code`) REFERENCES `countries` (`iso_code`) ON DELETE CASCADE
) ENGINE=InnoDB DEFAULT CHARSET=utf8mb4 COLLATE=utf8mb4_0900_ai_ci;
/*!40101 SET character_set_client = @saved_cs_client */;

--
-- Dumping data for table `addiction`
--

LOCK TABLES `addiction` WRITE;
/*!40000 ALTER TABLE `addiction` DISABLE KEYS */;
INSERT INTO `addiction` VALUES (175454,8214,175615,''),(5174,174,356,'AFG'),(4507,56,3177,'AGO'),(2752,64,289,'ALB'),(60,2,22,'AND'),(522,43,164,'ARE'),(46415,1605,18840,'ARG'),(4243,21,470,'ARM'),(34,1,3,'ASM'),(24,1,11,'ATG'),(24759,1164,6051,'AUS'),(12730,408,5354,'AUT'),(6927,101,2481,'AZE'),(3566,63,5984,'BDI'),(23940,430,6520,'BEL'),(1516,8,890,'BEN'),(1932,352,3355,'BFA'),(87248,717,5977,'BGD'),(26511,388,7217,'BGR'),(311,6,49,'BHR'),(93,4,103,'BHS'),(6205,129,1345,'BIH'),(20601,370,6194,'BLR'),(56,1,31,'BLZ'),(58,1,25,'BMU'),(2979,73,2060,'BOL'),(150020,3079,44844,'BRA'),(135,3,69,'BRB'),(204,7,18,'BRN'),(209,10,123,'BTN'),(924,46,548,'BWA'),(1522,44,1843,'CAF'),(50590,1821,7800,'CAN'),(11855,519,4302,'CHE'),(9379,1042,7029,'CHL'),(1531775,88100,357337,'CHN'),(3164,254,3286,'CIV'),(2702,34,3719,'CMR'),(11791,488,11042,'COD'),(1020,70,1204,'COG'),(18,1,2,'COK'),(15278,271,8072,'COL'),(196,2,33,'COM'),(116,1,80,'CPV'),(1328,28,515,'CRI'),(14466,93,2149,'CUB'),(993,11,199,'CYP'),(29123,441,7475,'CZE'),(184466,3672,78730,'DEU'),(142,2,56,'DJI'),(46,1,27,'DMA'),(17462,326,3259,'DNK'),(2634,64,1665,'DOM'),(13780,296,496,'DZA'),(3284,83,1947,'ECU'),(32996,521,3042,'EGY'),(972,16,687,'ERI'),(65118,1378,23964,'ESP'),(3504,66,716,'EST'),(13741,504,18604,'ETH'),(8886,317,1820,'FIN'),(738,17,66,'FJI'),(85668,2479,49802,'FRA'),(133,5,29,'FSM'),(386,10,820,'GAB'),(181329,1721,8794,'GBR'),(9480,196,1836,'GEO'),(3288,97,5427,'GHA'),(2253,16,894,'GIN'),(320,2,143,'GMB'),(307,4,461,'GNB'),(217,3,179,'GNQ'),(21013,144,4424,'GRC'),(52,1,32,'GRD'),(105,5,39,'GRL'),(2430,158,3686,'GTM'),(82,5,10,'GUM'),(441,11,473,'GUY'),(1551,72,1077,'HND'),(13012,80,4141,'HRV'),(2743,115,2806,'HTI'),(31299,249,14146,'HUN'),(112799,2462,12503,'IDN'),(637869,30233,173975,'IND'),(9034,58,1112,'IRL'),(25193,1962,837,'IRN'),(12219,218,831,'IRQ'),(388,9,20,'ISL'),(5708,130,166,'ISR'),(105985,6868,40625,'ITA'),(1105,15,226,'JAM'),(1795,21,50,'JOR'),(174837,6125,44022,'JPN'),(20427,669,6879,'KAZ'),(4685,1369,7747,'KEN'),(4874,190,1577,'KGZ'),(8999,206,1610,'KHM'),(155,6,19,'KIR'),(24,1,20,'KNA'),(41631,954,29331,'KOR'),(537,12,10,'KWT'),(5104,69,1851,'LAO'),(3742,66,341,'LBN'),(644,7,955,'LBR'),(1667,36,54,'LBY'),(73,1,56,'LCA'),(10452,249,3758,'LKA'),(1337,44,800,'LSO'),(6560,122,1743,'LTU'),(789,26,299,'LUX'),(6010,147,1095,'LVA'),(13526,269,1275,'MAR'),(87,1,10,'MCO'),(6153,433,4628,'MDA'),(5574,88,3383,'MDG'),(154,6,5,'MDV'),(35970,1296,28974,'MEX'),(31,2,7,'MHL'),(3635,49,975,'MKD'),(1601,27,1323,'MLI'),(547,9,62,'MLT'),(70099,2437,5011,'MMR'),(995,12,420,'MNE'),(1954,120,786,'MNG'),(28,3,7,'MNP'),(4848,101,1357,'MOZ'),(653,6,150,'MRT'),(1026,68,327,'MUS'),(3154,147,2476,'MWI'),(11824,247,2108,'MYS'),(1006,32,484,'NAM'),(754,16,501,'NER'),(14437,1026,30680,'NGA'),(806,24,606,'NIC'),(3,0,1,'NIU'),(36808,278,5444,'NLD'),(8153,184,696,'NOR'),(19908,362,2080,'NPL'),(11,0,3,'NRU'),(6198,123,1226,'NZL'),(771,14,27,'OMN'),(97483,3840,8089,'PAK'),(894,17,386,'PAN'),(3554,236,6005,'PER'),(41358,500,21230,'PHL'),(18,1,2,'PLW'),(3221,73,411,'PNG'),(93767,1214,18817,'POL'),(2469,95,1724,'PRI'),(20301,1146,6380,'PRK'),(14040,452,9288,'PRT'),(2179,22,892,'PRY'),(1178,11,78,'PSE'),(110,5,18,'QAT'),(45200,1566,17437,'ROU'),(259268,10218,106953,'RUS'),(4439,36,7295,'RWA'),(4275,148,609,'SAU'),(11792,244,1067,'SDN'),(2281,20,719,'SEN'),(2723,37,198,'SGP'),(540,18,24,'SLB'),(2032,8,1597,'SLE'),(1261,55,2011,'SLV'),(31,1,9,'SMR'),(2918,31,403,'SOM'),(19805,445,5307,'SRB'),(1867,27,480,'SSD'),(23,0,35,'STP'),(251,5,116,'SUR'),(10915,297,3652,'SVK'),(3115,118,1843,'SVN'),(16720,242,3138,'SWE'),(276,13,318,'SWZ'),(76,2,24,'SYC'),(8447,99,533,'SYR'),(1810,25,948,'TCD'),(1177,13,837,'TGO'),(45158,2804,22956,'THA'),(3580,103,1121,'TJK'),(2,0,0,'TKL'),(3134,123,603,'TKM'),(326,3,76,'TLS'),(83,5,6,'TON'),(980,13,256,'TTO'),(5484,100,264,'TUN'),(64629,480,2889,'TUR'),(16,1,2,'TUV'),(16359,1226,10051,'TWN'),(11560,808,13143,'TZA'),(3862,263,8596,'UGA'),(112302,3684,28846,'UKR'),(5321,163,1441,'URY'),(515412,24755,76480,'USA'),(9278,587,3245,'UZB'),(39,1,23,'VCT'),(10205,162,4950,'VEN'),(51,3,33,'VIR'),(50140,2603,5235,'VNM'),(118,6,24,'VUT'),(184,6,23,'WSM'),(8575,108,920,'YEM'),(29791,1227,21927,'ZAF'),(2873,119,3631,'ZMB'),(5448,356,3011,'ZWE');
/*!40000 ALTER TABLE `addiction` ENABLE KEYS */;
UNLOCK TABLES;

--
-- Table structure for table `air_pol`
--

DROP TABLE IF EXISTS `air_pol`;
/*!40101 SET @saved_cs_client     = @@character_set_client */;
/*!50503 SET character_set_client = utf8mb4 */;
CREATE TABLE `air_pol` (
  `indoor` int DEFAULT NULL,
  `outdoor` int DEFAULT NULL,
  `iso_code` varchar(5) NOT NULL,
  PRIMARY KEY (`iso_code`),
  CONSTRAINT `air_pol_ibfk_1` FOREIGN KEY (`iso_code`) REFERENCES `countries` (`iso_code`) ON DELETE CASCADE
) ENGINE=InnoDB DEFAULT CHARSET=utf8mb4 COLLATE=utf8mb4_0900_ai_ci;
/*!40101 SET character_set_client = @saved_cs_client */;

--
-- Dumping data for table `air_pol`
--

LOCK TABLES `air_pol` WRITE;
/*!40000 ALTER TABLE `air_pol` DISABLE KEYS */;
INSERT INTO `air_pol` VALUES (776993,93970,''),(34372,3169,'AFG'),(19242,1359,'AGO'),(1978,1017,'ALB'),(0,10,'AND'),(3,604,'ARE'),(3964,11615,'ARG'),(941,2247,'ARM'),(11,4,'ASM'),(3,23,'ATG'),(143,2415,'AUS'),(52,5382,'AUT'),(4140,3858,'AZE'),(10649,701,'BDI'),(45,7195,'BEL'),(9170,786,'BEN'),(18726,1131,'BFA'),(168188,24412,'BGD'),(4488,12301,'BGR'),(26,297,'BHR'),(8,60,'BHS'),(3117,2106,'BIH'),(924,10840,'BLR'),(55,29,'BLZ'),(6,16,'BMU'),(5068,3004,'BOL'),(56085,30767,'BRA'),(1,151,'BRB'),(11,26,'BRN'),(770,80,'BTN'),(1047,242,'BWA'),(5848,510,'CAF'),(90,6205,'CAN'),(6,3759,'CHE'),(2030,3776,'CHL'),(1329829,626744,'CHN'),(16674,2427,'CIV'),(10587,2730,'CMR'),(58298,5825,'COD'),(2816,537,'COG'),(3,2,'COK'),(8161,7047,'COL'),(805,39,'COM'),(298,64,'CPV'),(466,374,'CRI'),(753,4685,'CUB'),(10,403,'CYP'),(459,13200,'CZE'),(128,64678,'DEU'),(371,72,'DJI'),(37,24,'DMA'),(14,3766,'DNK'),(2819,715,'DOM'),(3086,11189,'DZA'),(1948,1767,'ECU'),(9546,58376,'EGY'),(4608,436,'ERI'),(1627,14826,'ESP'),(457,713,'EST'),(121038,4355,'ETH'),(25,1365,'FIN'),(500,83,'FJI'),(215,24225,'FRA'),(106,14,'FSM'),(866,298,'GAB'),(80,42087,'GBR'),(4711,4213,'GEO'),(14435,3552,'GHA'),(16407,1274,'GIN'),(1297,134,'GMB'),(2073,183,'GNB'),(894,64,'GNQ'),(308,7090,'GRC'),(50,35,'GRD'),(2,8,'GRL'),(8341,1514,'GTM'),(4,17,'GUM'),(276,320,'GUY'),(2735,402,'HND'),(926,4682,'HRV'),(11969,779,'HTI'),(4700,11651,'HUN'),(130375,38990,'IDN'),(1040986,322671,'IND'),(24,1534,'IRL'),(5583,25019,'IRN'),(4683,11299,'IRQ'),(1,32,'ISL'),(15,2314,'ISR'),(826,42682,'ITA'),(1003,388,'JAM'),(45,1303,'JOR'),(568,31062,'JPN'),(7157,8466,'KAZ'),(21430,1698,'KEN'),(3776,2086,'KGZ'),(21469,1555,'KHM'),(125,8,'KIR'),(10,12,'KNA'),(556,18288,'KOR'),(9,559,'KWT'),(10326,757,'LAO'),(411,1655,'LBN'),(4238,419,'LBR'),(610,1331,'LBY'),(49,38,'LCA'),(9832,3003,'LKA'),(2098,357,'LSO'),(475,2565,'LTU'),(1,216,'LUX'),(551,2666,'LVA'),(11326,7525,'MAR'),(0,13,'MCO'),(3281,2848,'MDA'),(20475,873,'MDG'),(151,25,'MDV'),(16302,23192,'MEX'),(30,4,'MHL'),(1071,1984,'MKD'),(17820,1150,'MLI'),(4,186,'MLT'),(85346,11159,'MMR'),(197,440,'MNE'),(2601,847,'MNG'),(5,6,'MNP'),(25461,640,'MOZ'),(2538,635,'MRT'),(151,371,'MUS'),(16353,683,'MWI'),(830,7070,'MYS'),(1363,339,'NAM'),(22786,1474,'NER'),(164658,23072,'NGA'),(2171,242,'NIC'),(1,0,'NIU'),(42,8840,'NLD'),(11,1705,'NOR'),(37545,6412,'NPL'),(3,1,'NRU'),(15,457,'NZL'),(654,694,'OMN'),(167808,33643,'PAK'),(433,320,'PAN'),(9497,6207,'PER'),(32247,10950,'PHL'),(0,3,'PLW'),(6079,356,'PNG'),(13595,38411,'POL'),(2,470,'PRI'),(30596,8644,'PRK'),(587,4009,'PRT'),(1718,395,'PRY'),(672,609,'PSE'),(1,176,'QAT'),(13100,19064,'ROU'),(13757,122575,'RUS'),(13100,1195,'RWA'),(4576,4691,'SAU'),(34040,4122,'SDN'),(9678,1430,'SEN'),(69,1161,'SGP'),(754,25,'SLB'),(8972,816,'SLE'),(2713,749,'SLV'),(0,6,'SMR'),(16064,322,'SOM'),(6833,9616,'SRB'),(9997,935,'SSD'),(156,18,'STP'),(139,135,'SUR'),(206,5834,'SVK'),(269,1370,'SVN'),(31,2759,'SWE'),(728,129,'SWZ'),(5,23,'SYC'),(1187,6698,'SYR'),(13472,845,'TCD'),(4498,573,'TGO'),(21115,15005,'THA'),(5757,2080,'TJK'),(0,0,'TKL'),(52,2415,'TKM'),(1242,56,'TLS'),(55,10,'TON'),(11,635,'TTO'),(1034,3343,'TUN'),(9489,29822,'TUR'),(11,1,'TUV'),(3336,6144,'TWN'),(42133,2205,'TZA'),(22960,1246,'UGA'),(8877,58375,'UKR'),(397,902,'URY'),(365,104185,'USA'),(9028,10576,'UZB'),(36,29,'VCT'),(382,4887,'VEN'),(3,17,'VIR'),(62611,10321,'VNM'),(182,13,'VUT'),(134,25,'WSM'),(19060,2222,'YEM'),(13383,12634,'ZAF'),(12022,1087,'ZMB'),(7653,1290,'ZWE');
/*!40000 ALTER TABLE `air_pol` ENABLE KEYS */;
UNLOCK TABLES;

--
-- Table structure for table `child_mortality`
--

DROP TABLE IF EXISTS `child_mortality`;
/*!40101 SET @saved_cs_client     = @@character_set_client */;
/*!50503 SET character_set_client = utf8mb4 */;
CREATE TABLE `child_mortality` (
  `child_wasting` int DEFAULT NULL,
  `non_bfeeding` int DEFAULT NULL,
  `low_birth_weight` int DEFAULT NULL,
  `d_bfeeding` int DEFAULT NULL,
  `iso_code` varchar(5) NOT NULL,
  PRIMARY KEY (`iso_code`),
  CONSTRAINT `child_mortality_ibfk_1` FOREIGN KEY (`iso_code`) REFERENCES `countries` (`iso_code`) ON DELETE CASCADE
) ENGINE=InnoDB DEFAULT CHARSET=utf8mb4 COLLATE=utf8mb4_0900_ai_ci;
/*!40101 SET character_set_client = @saved_cs_client */;

--
-- Dumping data for table `child_mortality`
--

LOCK TABLES `child_mortality` WRITE;
/*!40000 ALTER TABLE `child_mortality` DISABLE KEYS */;
INSERT INTO `child_mortality` VALUES (1190356,168704,625281,10812,''),(19546,2216,16135,107,'AFG'),(42373,6965,16517,488,'AGO'),(840,171,731,2,'ALB'),(0,0,1,0,'AND'),(46,5,287,0,'ARE'),(2470,334,7612,30,'ARG'),(692,210,1090,20,'ARM'),(5,0,9,0,'ASM'),(4,0,9,0,'ATG'),(78,7,747,0,'AUS'),(14,3,255,0,'AUT'),(5020,1518,3747,83,'AZE'),(12918,649,7144,67,'BDI'),(60,3,353,0,'BEL'),(12875,1477,7826,64,'BEN'),(31454,4509,14520,276,'BFA'),(172092,18651,161413,771,'BGD'),(280,61,473,2,'BGR'),(13,2,126,0,'BHR'),(13,2,45,0,'BHS'),(27,11,603,1,'BIH'),(208,64,588,3,'BLR'),(45,9,79,1,'BLZ'),(1,0,4,0,'BMU'),(6582,908,5427,68,'BOL'),(60631,18656,69844,2755,'BRA'),(11,1,37,0,'BRB'),(3,0,21,0,'BRN'),(435,65,958,1,'BTN'),(660,119,755,10,'BWA'),(7197,1596,4290,68,'CAF'),(190,10,1061,0,'CAN'),(30,5,182,0,'CHE'),(613,106,1554,6,'CHL'),(314550,62528,253303,2949,'CHN'),(18792,3752,18719,128,'CIV'),(18732,3889,10635,330,'CMR'),(68088,9368,39306,340,'COD'),(2679,593,1964,79,'COG'),(2,0,3,0,'COK'),(5937,1526,10503,193,'COL'),(804,152,747,9,'COM'),(256,59,177,5,'CPV'),(152,34,484,4,'CRI'),(196,63,721,7,'CUB'),(6,1,87,0,'CYP'),(45,10,590,0,'CZE'),(168,20,2316,1,'DEU'),(1081,157,501,15,'DJI'),(6,1,14,0,'DMA'),(14,2,141,0,'DNK'),(3689,1053,4724,197,'DOM'),(6791,1464,14803,125,'DZA'),(3347,642,3581,75,'ECU'),(48662,12295,40613,720,'EGY'),(11326,678,3214,63,'ERI'),(175,23,1191,1,'ESP'),(30,4,85,0,'EST'),(163323,10533,87377,760,'ETH'),(7,1,127,0,'FIN'),(93,8,151,1,'FJI'),(2532,31,1463,7,'FRA'),(35,4,38,0,'FSM'),(603,148,789,13,'GAB'),(227,35,2618,1,'GBR'),(734,198,1051,9,'GEO'),(23671,3886,15681,276,'GHA'),(20151,2424,11731,111,'GIN'),(1314,116,1279,6,'GMB'),(2775,283,1837,14,'GNB'),(1238,239,661,18,'GNQ'),(20,3,451,0,'GRC'),(10,1,20,0,'GRD'),(1,0,18,0,'GRL'),(11810,1094,7457,160,'GTM'),(5,0,14,0,'GUM'),(299,52,584,6,'GUY'),(2331,759,2703,79,'HND'),(19,5,238,0,'HRV'),(11827,3317,6020,183,'HTI'),(71,16,931,0,'HUN'),(127723,19774,90424,1218,'IDN'),(849262,90848,972137,5478,'IND'),(12,1,135,0,'IRL'),(12400,1995,43805,75,'IRN'),(5980,1334,16423,72,'IRQ'),(1,0,12,0,'ISL'),(27,5,437,0,'ISR'),(133,25,2116,1,'ITA'),(334,44,752,7,'JAM'),(390,90,1849,4,'JOR'),(541,40,1677,3,'JPN'),(3652,981,3151,55,'KAZ'),(27146,4448,15803,217,'KEN'),(1370,358,1881,14,'KGZ'),(20655,3022,12664,75,'KHM'),(66,5,49,1,'KIR'),(9,1,14,0,'KNA'),(531,67,2244,9,'KOR'),(46,12,239,1,'KWT'),(9869,1604,6039,49,'LAO'),(259,50,1451,2,'LBN'),(6483,1002,3250,90,'LBR'),(553,105,2499,8,'LBY'),(14,2,42,0,'LCA'),(1765,102,3341,10,'LKA'),(1880,397,1855,23,'LSO'),(38,7,192,1,'LTU'),(4,0,12,0,'LUX'),(33,6,129,0,'LVA'),(14613,3997,20348,381,'MAR'),(0,0,0,0,'MCO'),(331,106,498,4,'MDA'),(34662,3847,13365,332,'MDG'),(121,10,188,1,'MDV'),(32854,6886,33186,1055,'MEX'),(12,1,16,0,'MHL'),(200,89,481,9,'MKD'),(30782,3884,21063,328,'MLI'),(1,0,25,0,'MLT'),(67225,15677,40717,353,'MMR'),(8,2,67,0,'MNE'),(1840,317,1038,12,'MNG'),(2,0,4,0,'MNP'),(40719,5648,18777,339,'MOZ'),(3771,513,2730,40,'MRT'),(68,9,255,1,'MUS'),(25481,4648,13527,360,'MWI'),(1257,134,2841,6,'MYS'),(947,138,984,9,'NAM'),(53079,6825,14284,558,'NER'),(293766,52087,131121,3042,'NGA'),(2775,852,2265,110,'NIC'),(0,0,0,0,'NIU'),(90,4,506,0,'NLD'),(13,1,132,0,'NOR'),(34588,3294,30545,109,'NPL'),(3,0,4,0,'NRU'),(25,4,177,0,'NZL'),(248,28,847,2,'OMN'),(123799,16093,199719,1781,'PAK'),(252,48,443,6,'PAN'),(8391,1930,10974,183,'PER'),(35606,4722,30131,673,'PHL'),(3,0,3,0,'PLW'),(3793,362,2246,33,'PNG'),(429,90,3762,5,'POL'),(66,7,542,0,'PRI'),(9098,872,11878,27,'PRK'),(165,23,528,2,'PRT'),(529,205,1441,25,'PRY'),(286,33,1536,2,'PSE'),(12,2,111,0,'QAT'),(2618,586,1544,16,'ROU'),(3909,1075,12168,84,'RUS'),(17293,922,8061,165,'RWA'),(2719,478,8134,59,'SAU'),(42145,6309,37224,335,'SDN'),(13995,1985,9405,163,'SEN'),(30,8,114,0,'SGP'),(211,21,151,1,'SLB'),(11694,1811,6818,94,'SLE'),(2031,630,2414,69,'SLV'),(0,0,1,0,'SMR'),(26318,2574,7449,222,'SOM'),(212,51,1503,1,'SRB'),(18443,1571,7662,27,'SSD'),(175,18,69,1,'STP'),(81,25,206,3,'SUR'),(92,16,459,0,'SVK'),(8,1,79,0,'SVN'),(53,2,206,0,'SWE'),(545,127,520,8,'SWZ'),(4,0,15,0,'SYC'),(3945,584,8835,38,'SYR'),(26270,3716,8844,229,'TCD'),(7419,1343,5004,78,'TGO'),(5750,1177,10956,67,'THA'),(7083,1339,3029,83,'TJK'),(0,0,0,0,'TKL'),(3554,700,1414,29,'TKM'),(1933,182,911,10,'TLS'),(11,1,21,0,'TON'),(77,12,327,1,'TTO'),(1166,232,4660,6,'TUN'),(18311,3831,43066,133,'TUR'),(6,0,5,0,'TUV'),(377,24,423,1,'TWN'),(52189,7969,27727,299,'TZA'),(27738,3394,21429,344,'UGA'),(636,143,3494,6,'UKR'),(141,19,478,2,'URY'),(2894,201,17038,11,'USA'),(12434,2720,6576,93,'UZB'),(19,2,37,0,'VCT'),(3669,1178,6305,108,'VEN'),(4,0,19,0,'VIR'),(15393,2818,26066,54,'VNM'),(49,7,62,0,'VUT'),(18,2,35,0,'WSM'),(28120,6333,24346,515,'YEM'),(24214,5938,17904,650,'ZAF'),(17827,2615,8067,142,'ZMB'),(5747,951,6770,22,'ZWE');
/*!40000 ALTER TABLE `child_mortality` ENABLE KEYS */;
UNLOCK TABLES;

--
-- Table structure for table `countries`
--

DROP TABLE IF EXISTS `countries`;
/*!40101 SET @saved_cs_client     = @@character_set_client */;
/*!50503 SET character_set_client = utf8mb4 */;
CREATE TABLE `countries` (
  `iso_code` varchar(5) NOT NULL,
  `countries_name` varchar(50) DEFAULT NULL,
  `year` int DEFAULT NULL,
  PRIMARY KEY (`iso_code`)
) ENGINE=InnoDB DEFAULT CHARSET=utf8mb4 COLLATE=utf8mb4_0900_ai_ci;
/*!40101 SET character_set_client = @saved_cs_client */;

--
-- Dumping data for table `countries`
--

LOCK TABLES `countries` WRITE;
/*!40000 ALTER TABLE `countries` DISABLE KEYS */;
INSERT INTO `countries` VALUES ('','African Region (WHO)',1990),('AFG','Afghanistan',1990),('AGO','Angola',1990),('ALB','Albania',1990),('AND','Andorra',1990),('ARE','United Arab Emirates',1990),('ARG','Argentina',1990),('ARM','Armenia',1990),('ASM','American Samoa',1990),('ATG','Antigua and Barbuda',1990),('AUS','Australia',1990),('AUT','Austria',1990),('AZE','Azerbaijan',1990),('BDI','Burundi',1990),('BEL','Belgium',1990),('BEN','Benin',1990),('BFA','Burkina Faso',1990),('BGD','Bangladesh',1990),('BGR','Bulgaria',1990),('BHR','Bahrain',1990),('BHS','Bahamas',1990),('BIH','Bosnia and Herzegovina',1990),('BLR','Belarus',1990),('BLZ','Belize',1990),('BMU','Bermuda',1990),('BOL','Bolivia',1990),('BRA','Brazil',1990),('BRB','Barbados',1990),('BRN','Brunei',1990),('BTN','Bhutan',1990),('BWA','Botswana',1990),('CAF','Central African Republic',1990),('CAN','Canada',1990),('CHE','Switzerland',1990),('CHL','Chile',1990),('CHN','China',1990),('CIV','Cote d\'Ivoire',1990),('CMR','Cameroon',1990),('COD','Democratic Republic of Congo',1990),('COG','Congo',1990),('COK','Cook Islands',1990),('COL','Colombia',1990),('COM','Comoros',1990),('CPV','Cape Verde',1990),('CRI','Costa Rica',1990),('CUB','Cuba',1990),('CYP','Cyprus',1990),('CZE','Czechia',1990),('DEU','Germany',1990),('DJI','Djibouti',1990),('DMA','Dominica',1990),('DNK','Denmark',1990),('DOM','Dominican Republic',1990),('DZA','Algeria',1990),('ECU','Ecuador',1990),('EGY','Egypt',1990),('ERI','Eritrea',1990),('ESP','Spain',1990),('EST','Estonia',1990),('ETH','Ethiopia',1990),('FIN','Finland',1990),('FJI','Fiji',1990),('FRA','France',1990),('FSM','Micronesia (country)',1990),('GAB','Gabon',1990),('GBR','United Kingdom',1990),('GEO','Georgia',1990),('GHA','Ghana',1990),('GIN','Guinea',1990),('GMB','Gambia',1990),('GNB','Guinea-Bissau',1990),('GNQ','Equatorial Guinea',1990),('GRC','Greece',1990),('GRD','Grenada',1990),('GRL','Greenland',1990),('GTM','Guatemala',1990),('GUM','Guam',1990),('GUY','Guyana',1990),('HND','Honduras',1990),('HRV','Croatia',1990),('HTI','Haiti',1990),('HUN','Hungary',1990),('IDN','Indonesia',1990),('IND','India',1990),('IRL','Ireland',1990),('IRN','Iran',1990),('IRQ','Iraq',1990),('ISL','Iceland',1990),('ISR','Israel',1990),('ITA','Italy',1990),('JAM','Jamaica',1990),('JOR','Jordan',1990),('JPN','Japan',1990),('KAZ','Kazakhstan',1990),('KEN','Kenya',1990),('KGZ','Kyrgyzstan',1990),('KHM','Cambodia',1990),('KIR','Kiribati',1990),('KNA','Saint Kitts and Nevis',1990),('KOR','South Korea',1990),('KWT','Kuwait',1990),('LAO','Laos',1990),('LBN','Lebanon',1990),('LBR','Liberia',1990),('LBY','Libya',1990),('LCA','Saint Lucia',1990),('LKA','Sri Lanka',1990),('LSO','Lesotho',1990),('LTU','Lithuania',1990),('LUX','Luxembourg',1990),('LVA','Latvia',1990),('MAR','Morocco',1990),('MCO','Monaco',1990),('MDA','Moldova',1990),('MDG','Madagascar',1990),('MDV','Maldives',1990),('MEX','Mexico',1990),('MHL','Marshall Islands',1990),('MKD','North Macedonia',1990),('MLI','Mali',1990),('MLT','Malta',1990),('MMR','Myanmar',1990),('MNE','Montenegro',1990),('MNG','Mongolia',1990),('MNP','Northern Mariana Islands',1990),('MOZ','Mozambique',1990),('MRT','Mauritania',1990),('MUS','Mauritius',1990),('MWI','Malawi',1990),('MYS','Malaysia',1990),('NAM','Namibia',1990),('NER','Niger',1990),('NGA','Nigeria',1990),('NIC','Nicaragua',1990),('NIU','Niue',1990),('NLD','Netherlands',1990),('NOR','Norway',1990),('NPL','Nepal',1990),('NRU','Nauru',1990),('NZL','New Zealand',1990),('OMN','Oman',1990),('PAK','Pakistan',1990),('PAN','Panama',1990),('PER','Peru',1990),('PHL','Philippines',1990),('PLW','Palau',1990),('PNG','Papua New Guinea',1990),('POL','Poland',1990),('PRI','Puerto Rico',1990),('PRK','North Korea',1990),('PRT','Portugal',1990),('PRY','Paraguay',1990),('PSE','Palestine',1990),('QAT','Qatar',1990),('ROU','Romania',1990),('RUS','Russia',1990),('RWA','Rwanda',1990),('SAU','Saudi Arabia',1990),('SDN','Sudan',1990),('SEN','Senegal',1990),('SGP','Singapore',1990),('SLB','Solomon Islands',1990),('SLE','Sierra Leone',1990),('SLV','El Salvador',1990),('SMR','San Marino',1990),('SOM','Somalia',1990),('SRB','Serbia',1990),('SSD','South Sudan',1990),('STP','Sao Tome and Principe',1990),('SUR','Suriname',1990),('SVK','Slovakia',1990),('SVN','Slovenia',1990),('SWE','Sweden',1990),('SWZ','Eswatini',1990),('SYC','Seychelles',1990),('SYR','Syria',1990),('TCD','Chad',1990),('TGO','Togo',1990),('THA','Thailand',1990),('TJK','Tajikistan',1990),('TKL','Tokelau',1990),('TKM','Turkmenistan',1990),('TLS','Timor',1990),('TON','Tonga',1990),('TTO','Trinidad and Tobago',1990),('TUN','Tunisia',1990),('TUR','Turkey',1990),('TUV','Tuvalu',1990),('TWN','Taiwan',1990),('TZA','Tanzania',1990),('UGA','Uganda',1990),('UKR','Ukraine',1990),('URY','Uruguay',1990),('USA','United States',1990),('UZB','Uzbekistan',1990),('VCT','Saint Vincent and the Grenadines',1990),('VEN','Venezuela',1990),('VIR','United States Virgin Islands',1990),('VNM','Vietnam',1990),('VUT','Vanuatu',1990),('WSM','Samoa',1990),('YEM','Yemen',1990),('ZAF','South Africa',1990),('ZMB','Zambia',1990),('ZWE','Zimbabwe',1990);
/*!40000 ALTER TABLE `countries` ENABLE KEYS */;
UNLOCK TABLES;

--
-- Table structure for table `diet`
--

DROP TABLE IF EXISTS `diet`;
/*!40101 SET @saved_cs_client     = @@character_set_client */;
/*!50503 SET character_set_client = utf8mb4 */;
CREATE TABLE `diet` (
  `high_sodium` int DEFAULT NULL,
  `low_fruits` int DEFAULT NULL,
  `low_nuts_seeds` int DEFAULT NULL,
  `low_whole_grain` int DEFAULT NULL,
  `low_vegetables` int DEFAULT NULL,
  `iso_code` varchar(5) NOT NULL,
  PRIMARY KEY (`iso_code`),
  CONSTRAINT `diet_ibfk_1` FOREIGN KEY (`iso_code`) REFERENCES `countries` (`iso_code`) ON DELETE CASCADE
) ENGINE=InnoDB DEFAULT CHARSET=utf8mb4 COLLATE=utf8mb4_0900_ai_ci;
/*!40101 SET character_set_client = @saved_cs_client */;

--
-- Dumping data for table `diet`
--

LOCK TABLES `diet` WRITE;
/*!40000 ALTER TABLE `diet` DISABLE KEYS */;
INSERT INTO `diet` VALUES (46758,43476,13267,45763,37123,''),(1045,3185,2319,7077,3679,'AFG'),(499,1006,419,904,854,'AGO'),(1561,344,309,741,186,'ALB'),(3,2,1,9,1,'AND'),(46,20,6,232,3,'ARE'),(6717,4172,5851,12837,4459,'ARG'),(1182,500,973,1877,86,'ARM'),(2,4,0,7,4,'ASM'),(9,5,5,23,8,'ATG'),(1189,2689,1128,5443,1970,'AUS'),(2409,1117,844,3414,1413,'AUT'),(2623,1099,1300,3818,509,'AZE'),(1201,335,304,582,628,'BDI'),(2679,2105,957,4461,1165,'BEL'),(380,463,55,418,300,'BEN'),(517,951,160,785,613,'BFA'),(6171,15150,5582,6422,11352,'BGD'),(16063,2703,2903,8115,1003,'BGR'),(17,17,27,143,14,'BHR'),(24,21,20,48,9,'BHS'),(3063,891,821,1459,409,'BIH'),(2224,3608,4270,10480,2003,'BLR'),(12,1,1,25,14,'BLZ'),(11,6,3,28,5,'BMU'),(711,399,69,800,492,'BOL'),(21830,12232,2465,23478,16411,'BRA'),(26,66,3,89,38,'BRB'),(49,26,2,32,17,'BRN'),(26,47,29,44,39,'BTN'),(90,183,75,118,111,'BWA'),(182,332,6,315,340,'CAF'),(3982,3315,369,9065,2301,'CAN'),(1036,1003,297,3052,944,'CHE'),(2060,1342,1048,2717,798,'CHL'),(554484,207316,52811,134126,86522,'CHN'),(658,506,25,907,620,'CIV'),(573,356,13,696,542,'CMR'),(1342,2522,47,2632,3212,'COD'),(175,300,5,294,301,'COG'),(5,2,0,4,2,'COK'),(5989,1779,1407,3988,2146,'COL'),(94,23,8,40,47,'COM'),(30,41,8,43,35,'CPV'),(346,101,183,399,234,'CRI'),(1429,1260,1170,3768,1476,'CUB'),(109,58,14,322,83,'CYP'),(15332,3445,3212,6638,2749,'CZE'),(19555,14912,10711,41372,16617,'DEU'),(46,38,14,25,21,'DJI'),(15,1,2,32,8,'DMA'),(1153,1439,1278,2818,1121,'DNK'),(417,165,148,865,519,'DOM'),(1159,2847,3968,8051,2513,'DZA'),(855,109,505,972,671,'ECU'),(3013,5137,9037,18102,770,'EGY'),(407,258,69,160,217,'ERI'),(2727,2286,2029,13108,1215,'ESP'),(260,635,768,1479,495,'EST'),(8731,6954,2845,4857,4449,'ETH'),(1121,1263,1523,2882,1187,'FIN'),(141,187,15,230,128,'FJI'),(6274,7952,4094,18979,4828,'FRA'),(22,21,4,27,19,'FSM'),(76,20,5,112,108,'GAB'),(10826,16964,23103,36979,11557,'GBR'),(4160,1750,1252,5669,838,'GEO'),(1023,830,129,1354,964,'GHA'),(445,276,57,523,413,'GIN'),(43,81,1,61,57,'GMB'),(81,102,2,85,109,'GNB'),(29,51,6,49,51,'GNQ'),(1968,410,537,6182,98,'GRC'),(18,9,7,42,20,'GRD'),(6,6,1,12,3,'GRL'),(670,471,412,679,493,'GTM'),(23,8,0,24,11,'GUM'),(114,149,21,174,157,'GUY'),(396,220,225,357,298,'HND'),(6123,1223,1378,2968,797,'HRV'),(761,712,50,1534,1131,'HTI'),(18716,3101,3902,7762,2163,'HUN'),(51260,26964,1707,14703,19765,'IDN'),(81961,128929,70930,108932,73653,'IND'),(488,840,818,1450,581,'IRL'),(2230,1560,3916,15419,2896,'IRN'),(799,1424,2675,5523,568,'IRQ'),(38,43,40,107,43,'ISL'),(573,111,42,2013,79,'ISR'),(14382,4525,6313,32474,2427,'ITA'),(263,161,22,397,182,'JAM'),(99,202,89,762,137,'JOR'),(50276,16806,8405,20503,4811,'JPN'),(6619,4747,3916,9163,1812,'KAZ'),(1353,1161,452,763,852,'KEN'),(1372,961,746,1889,248,'KGZ'),(2381,1383,423,619,982,'KHM'),(18,20,4,26,18,'KIR'),(11,17,2,20,11,'KNA'),(14152,5718,1895,4147,575,'KOR'),(67,54,75,235,18,'KWT'),(1447,687,328,388,585,'LAO'),(193,37,41,1748,20,'LBN'),(162,187,27,205,192,'LBR'),(113,144,81,846,95,'LBY'),(17,6,5,37,18,'LCA'),(4934,2092,177,2775,1986,'LKA'),(129,265,71,114,155,'LSO'),(986,1134,1578,3409,824,'LTU'),(70,72,81,172,59,'LUX'),(888,1130,1212,2963,551,'LVA'),(1300,2609,3702,9406,2386,'MAR'),(8,3,1,21,1,'MCO'),(772,1080,1374,2536,494,'MDA'),(2575,1280,390,866,1282,'MDG'),(61,24,11,41,21,'MDV'),(4636,3380,2967,5915,3637,'MEX'),(8,7,1,9,6,'MHL'),(2147,334,172,948,47,'MKD'),(578,839,216,844,683,'MLI'),(69,59,37,211,37,'MLT'),(17332,10704,314,5404,6789,'MMR'),(518,73,77,196,12,'MNE'),(715,647,463,852,513,'MNG'),(4,3,0,5,3,'MNP'),(2299,1481,169,928,1080,'MOZ'),(164,282,156,289,218,'MRT'),(553,287,75,340,188,'MUS'),(1367,798,46,442,683,'MWI'),(4890,2152,33,2514,2020,'MYS'),(110,195,80,179,142,'NAM'),(384,703,41,541,384,'NER'),(5313,6839,665,8952,5852,'NGA'),(285,212,109,254,205,'NIC'),(1,1,0,1,1,'NIU'),(1617,2320,1161,5666,2001,'NLD'),(845,854,925,2892,974,'NOR'),(956,1806,1113,1437,1532,'NPL'),(2,2,0,3,2,'NRU'),(471,415,222,1234,359,'NZL'),(72,79,308,523,108,'OMN'),(7946,12673,8816,21319,12005,'PAK'),(264,161,62,258,190,'PAN'),(1733,1336,1080,2069,1311,'PER'),(8399,2468,656,3833,2661,'PHL'),(4,3,0,5,3,'PLW'),(462,482,111,578,328,'PNG'),(23907,11951,12564,29424,4006,'POL'),(454,448,58,1098,585,'PRI'),(10290,2916,1671,2557,740,'PRK'),(1384,1732,1165,3900,604,'PRT'),(390,128,138,408,300,'PRY'),(80,207,217,637,265,'PSE'),(9,6,9,70,2,'QAT'),(32018,5926,8005,13594,1290,'ROU'),(58265,54756,53957,112683,22435,'RUS'),(1501,22,229,611,790,'RWA'),(450,629,1164,2605,625,'SAU'),(1167,2751,3084,7604,2610,'SDN'),(451,695,18,700,483,'SEN'),(748,254,168,483,155,'SGP'),(79,91,40,122,98,'SLB'),(296,397,12,395,335,'SLE'),(546,386,38,567,447,'SLV'),(3,2,1,6,1,'SMR'),(1181,809,135,524,679,'SOM'),(12103,1991,2085,5410,1433,'SRB'),(868,318,44,334,372,'SSD'),(8,7,1,13,10,'STP'),(44,46,6,78,50,'SUR'),(6694,1703,1491,3742,1085,'SVK'),(1729,235,250,658,241,'SVN'),(2015,2048,1938,6188,2182,'SWE'),(46,79,20,55,54,'SWZ'),(33,10,3,13,11,'SYC'),(543,706,159,4391,618,'SYR'),(384,637,150,792,508,'TCD'),(176,316,9,265,225,'TGO'),(10535,4192,78,4320,4451,'THA'),(1332,812,745,1625,187,'TJK'),(1,0,0,1,0,'TKL'),(1035,592,859,1616,221,'TKM'),(113,62,13,38,47,'TLS'),(13,11,2,15,9,'TON'),(152,256,18,419,197,'TTO'),(332,575,338,2311,428,'TUN'),(1949,1662,1659,20957,230,'TUR'),(3,3,1,4,3,'TUV'),(4033,1647,123,2378,1037,'TWN'),(4250,2056,92,981,1629,'TZA'),(2110,130,30,831,1004,'UGA'),(12031,20619,20923,59317,7422,'UKR'),(903,617,582,1446,653,'URY'),(31621,42793,13563,103243,24390,'USA'),(5346,3370,4097,8198,566,'UZB'),(13,14,5,34,15,'VCT'),(2511,916,1204,2386,1709,'VEN'),(12,7,1,30,12,'VIR'),(21521,9321,2762,5397,6969,'VNM'),(30,16,5,34,23,'VUT'),(9,26,2,40,30,'WSM'),(559,1716,1694,3938,1655,'YEM'),(2256,4209,1828,2335,2306,'ZAF'),(1091,902,201,332,533,'ZMB'),(563,946,37,659,669,'ZWE');
/*!40000 ALTER TABLE `diet` ENABLE KEYS */;
UNLOCK TABLES;

--
-- Table structure for table `env_factor`
--

DROP TABLE IF EXISTS `env_factor`;
/*!40101 SET @saved_cs_client     = @@character_set_client */;
/*!50503 SET character_set_client = utf8mb4 */;
CREATE TABLE `env_factor` (
  `unsafe_water` int DEFAULT NULL,
  `unsafe_sanitation` int DEFAULT NULL,
  `hand_washing` int DEFAULT NULL,
  `iso_code` varchar(5) NOT NULL,
  `air_pollution` int DEFAULT NULL,
  PRIMARY KEY (`iso_code`),
  CONSTRAINT `env_factor_ibfk_1` FOREIGN KEY (`iso_code`) REFERENCES `countries` (`iso_code`) ON DELETE CASCADE
) ENGINE=InnoDB DEFAULT CHARSET=utf8mb4 COLLATE=utf8mb4_0900_ai_ci;
/*!40101 SET character_set_client = @saved_cs_client */;

--
-- Dumping data for table `env_factor`
--

LOCK TABLES `env_factor` WRITE;
/*!40000 ALTER TABLE `env_factor` DISABLE KEYS */;
INSERT INTO `env_factor` VALUES (809960,604349,473096,'',NULL),(3702,2798,4825,'AFG',NULL),(31350,22756,16208,'AGO',NULL),(53,31,67,'ALB',NULL),(0,0,0,'AND',NULL),(15,4,12,'ARE',NULL),(827,487,827,'ARG',NULL),(182,190,106,'ARM',NULL),(2,1,1,'ASM',NULL),(2,1,3,'ATG',NULL),(8,4,43,'AUS',NULL),(1,0,15,'AUT',NULL),(1090,901,758,'AZE',NULL),(7833,5887,4955,'BDI',NULL),(7,6,38,'BEL',NULL),(6530,4983,4516,'BEN',NULL),(20729,15780,11899,'BFA',NULL),(99476,75019,54756,'BGD',NULL),(21,2,63,'BGR',NULL),(4,2,3,'BHR',NULL),(5,2,5,'BHS',NULL),(14,9,11,'BIH',NULL),(36,26,58,'BLR',NULL),(23,15,12,'BLZ',NULL),(1,0,1,'BMU',NULL),(2144,1187,1677,'BOL',NULL),(33061,22059,16128,'BRA',NULL),(6,3,8,'BRB',NULL),(0,0,1,'BRN',NULL),(319,245,155,'BTN',NULL),(853,621,491,'BWA',NULL),(6365,4754,3357,'CAF',NULL),(8,7,71,'CAN',NULL),(3,2,27,'CHE',NULL),(222,166,252,'CHL',NULL),(75817,59594,69012,'CHN',NULL),(10439,7590,7592,'CIV',NULL),(17826,12955,9091,'CMR',NULL),(31698,23588,25522,'COD',NULL),(3028,2255,1582,'COG',NULL),(0,0,0,'COK',NULL),(3265,1679,1311,'COL',NULL),(504,380,348,'COM',NULL),(254,189,138,'CPV',NULL),(89,42,61,'CRI',NULL),(386,204,334,'CUB',NULL),(1,1,2,'CYP',NULL),(7,1,25,'CZE',NULL),(27,19,203,'DEU',NULL),(546,407,312,'DJI',NULL),(3,2,4,'DMA',NULL),(4,3,20,'DNK',NULL),(2577,1654,1199,'DOM',NULL),(1851,1233,822,'DZA',NULL),(2014,1311,987,'ECU',NULL),(25660,23371,8083,'EGY',NULL),(6415,4899,3653,'ERI',NULL),(16,16,102,'ESP',NULL),(2,1,6,'EST',NULL),(96433,74646,62459,'ETH',NULL),(4,3,28,'FIN',NULL),(103,62,25,'FJI',NULL),(119,72,211,'FRA',NULL),(28,19,9,'FSM',NULL),(595,435,401,'GAB',NULL),(8,1,403,'GBR',NULL),(93,75,104,'GEO',NULL),(22611,16817,11256,'GHA',NULL),(10275,7705,7661,'GIN',NULL),(609,455,490,'GMB',NULL),(1837,1377,1056,'GNB',NULL),(1151,866,607,'GNQ',NULL),(0,1,20,'GRC',NULL),(4,3,8,'GRD',NULL),(0,0,0,'GRL',NULL),(8790,6273,3935,'GTM',NULL),(2,1,1,'GUM',NULL),(183,126,88,'GUY',NULL),(2564,1965,533,'HND',NULL),(7,2,11,'HRV',NULL),(8536,6364,4585,'HTI',NULL),(6,5,16,'HUN',NULL),(107258,81076,27124,'IDN',NULL),(915902,703320,380370,'IND',NULL),(0,1,20,'IRL',NULL),(3256,2578,1513,'IRN',NULL),(1945,1289,578,'IRQ',NULL),(0,0,1,'ISL',NULL),(3,3,8,'ISR',NULL),(10,7,95,'ITA',NULL),(195,134,124,'JAM',NULL),(71,35,57,'JOR',NULL),(187,79,1410,'JPN',NULL),(1079,971,609,'KAZ',NULL),(16435,12267,11470,'KEN',NULL),(425,365,274,'KGZ',NULL),(6256,4956,4990,'KHM',NULL),(65,46,15,'KIR',NULL),(6,3,3,'KNA',NULL),(196,115,141,'KOR',NULL),(6,2,9,'KWT',NULL),(4412,3410,2198,'LAO',NULL),(77,48,58,'LBN',NULL),(3920,2884,2494,'LBR',NULL),(205,183,90,'LBY',NULL),(8,6,5,'LCA',NULL),(2381,1854,974,'LKA',NULL),(2012,1521,1185,'LSO',NULL),(8,6,14,'LTU',NULL),(0,0,1,'LUX',NULL),(5,3,12,'LVA',NULL),(10145,6067,4221,'MAR',NULL),(0,0,0,'MCO',NULL),(77,61,109,'MDA',NULL),(19166,14653,11166,'MDG',NULL),(46,33,15,'MDV',NULL),(17336,9756,5546,'MEX',NULL),(12,8,4,'MHL',NULL),(84,47,9,'MKD',NULL),(20812,15430,10050,'MLI',NULL),(0,0,1,'MLT',NULL),(44794,34182,17380,'MMR',NULL),(1,0,1,'MNE',NULL),(589,499,447,'MNG',NULL),(1,0,0,'MNP',NULL),(24226,18447,13799,'MOZ',NULL),(2789,2114,1476,'MRT',NULL),(30,29,6,'MUS',NULL),(19291,14536,10535,'MWI',NULL),(687,322,180,'MYS',NULL),(863,626,514,'NAM',NULL),(31565,24220,17292,'NER',NULL),(249780,184770,130240,'NGA',NULL),(1941,1476,680,'NIC',NULL),(0,0,0,'NIU',NULL),(2,2,42,'NLD',NULL),(3,2,32,'NOR',NULL),(19930,15278,10085,'NPL',NULL),(1,0,0,'NRU',NULL),(3,1,23,'NZL',NULL),(91,50,85,'OMN',NULL),(114648,82088,38263,'PAK',NULL),(151,114,57,'PAN',NULL),(4626,3128,3424,'PER',NULL),(19327,12057,7322,'PHL',NULL),(1,1,1,'PLW',NULL),(1966,1508,1123,'PNG',NULL),(57,27,107,'POL',NULL),(14,1,101,'PRI',NULL),(650,548,549,'PRK',NULL),(20,14,52,'PRT',NULL),(601,393,376,'PRY',NULL),(57,39,79,'PSE',NULL),(2,1,2,'QAT',NULL),(239,165,312,'ROU',NULL),(887,774,815,'RUS',NULL),(13803,9997,8303,'RWA',NULL),(1888,1421,705,'SAU',NULL),(18807,15100,9607,'SDN',NULL),(12121,9140,6092,'SEN',NULL),(9,5,33,'SGP',NULL),(259,203,79,'SLB',NULL),(6849,5141,4513,'SLE',NULL),(2004,1386,751,'SLV',NULL),(0,0,0,'SMR',NULL),(10131,7674,7135,'SOM',NULL),(15,7,24,'SRB',NULL),(5747,4337,4670,'SSD',NULL),(96,71,67,'STP',NULL),(72,43,31,'SUR',NULL),(7,2,32,'SVK',NULL),(1,1,5,'SVN',NULL),(3,3,46,'SWE',NULL),(503,364,312,'SWZ',NULL),(4,3,2,'SYC',NULL),(876,577,371,'SYR',NULL),(15407,11719,8508,'TCD',NULL),(6804,5085,3380,'TGO',NULL),(6258,2444,2146,'THA',NULL),(2841,2265,1371,'TJK',NULL),(0,0,0,'TKL',NULL),(1007,795,618,'TKM',NULL),(483,380,235,'TLS',NULL),(4,3,3,'TON',NULL),(38,22,37,'TTO',NULL),(172,102,222,'TUN',NULL),(2559,1604,3590,'TUR',NULL),(3,2,1,'TUV',NULL),(80,51,144,'TWN',NULL),(28870,21365,21359,'TZA',NULL),(18850,13995,10859,'UGA',NULL),(116,84,226,'UKR',NULL),(72,40,36,'URY',NULL),(84,85,788,'USA',NULL),(2584,2404,2087,'UZB',NULL),(9,6,6,'VCT',NULL),(2604,1088,864,'VEN',NULL),(1,0,1,'VIR',NULL),(6475,5072,4368,'VNM',NULL),(52,39,20,'VUT',NULL),(10,3,3,'WSM',NULL),(16444,12811,7157,'YEM',NULL),(17503,11795,10947,'ZAF',NULL),(10398,7680,7028,'ZMB',NULL),(2933,1992,2725,'ZWE',NULL);
/*!40000 ALTER TABLE `env_factor` ENABLE KEYS */;
UNLOCK TABLES;
/*!40103 SET TIME_ZONE=@OLD_TIME_ZONE */;

/*!40101 SET SQL_MODE=@OLD_SQL_MODE */;
/*!40014 SET FOREIGN_KEY_CHECKS=@OLD_FOREIGN_KEY_CHECKS */;
/*!40014 SET UNIQUE_CHECKS=@OLD_UNIQUE_CHECKS */;
/*!40101 SET CHARACTER_SET_CLIENT=@OLD_CHARACTER_SET_CLIENT */;
/*!40101 SET CHARACTER_SET_RESULTS=@OLD_CHARACTER_SET_RESULTS */;
/*!40101 SET COLLATION_CONNECTION=@OLD_COLLATION_CONNECTION */;
/*!40111 SET SQL_NOTES=@OLD_SQL_NOTES */;

-- Dump completed on 2023-03-25 23:37:27
